Negative keyword list,Keyword,Match type
CruiseNPass - Master Negatives,jobs,Broad match
CruiseNPass - Master Negatives,job,Broad match
CruiseNPass - Master Negatives,hiring,Broad match
CruiseNPass - Master Negatives,careers,Broad match
CruiseNPass - Master Negatives,salary,Broad match
CruiseNPass - Master Negatives,volunteer,Broad match
CruiseNPass - Master Negatives,trainee driving instructor,Broad match
CruiseNPass - Master Negatives,become a driving instructor,Broad match
CruiseNPass - Master Negatives,become driving instructor,Broad match
CruiseNPass - Master Negatives,instructor training,Broad match
CruiseNPass - Master Negatives,adi training,Broad match
CruiseNPass - Master Negatives,pdi training,Broad match
CruiseNPass - Master Negatives,driving instructor course cost,Broad match
CruiseNPass - Master Negatives,theory test,Broad match
CruiseNPass - Master Negatives,theory test booking,Broad match
CruiseNPass - Master Negatives,theory test revision,Broad match
CruiseNPass - Master Negatives,theory test app,Broad match
CruiseNPass - Master Negatives,free driving lessons,Broad match
CruiseNPass - Master Negatives,free lessons,Broad match
CruiseNPass - Master Negatives,diy,Broad match
CruiseNPass - Master Negatives,how to teach yourself to drive,Broad match
CruiseNPass - Master Negatives,driving simulator,Broad match
CruiseNPass - Master Negatives,driving game,Broad match
CruiseNPass - Master Negatives,driving test cancellation app,Broad match
CruiseNPass - Master Negatives,hgv,Broad match
CruiseNPass - Master Negatives,lorry lessons,Broad match
CruiseNPass - Master Negatives,bus lessons,Broad match
CruiseNPass - Master Negatives,motorbike lessons,Broad match
CruiseNPass - Master Negatives,cbt test,Broad match
CruiseNPass - Master Negatives,franchise,Broad match
CruiseNPass - Master Negatives,driving instructor franchise,Broad match
