Campaign,Ad group,Keyword,Criterion type
Campaign #1,Core - Driving Lessons,driving lessons manchester,Phrase match
Campaign #1,Core - Driving Lessons,driving lessons manchester,Exact match
Campaign #1,Core - Driving Lessons,driving school manchester,Phrase match
Campaign #1,Core - Driving Lessons,driving school manchester,Exact match
Campaign #1,Core - Driving Lessons,driving instructor manchester,Phrase match
Campaign #1,Core - Driving Lessons,driving instructor manchester,Exact match
Campaign #1,Core - Driving Lessons,driving lessons near me,Phrase match
Campaign #1,Core - Driving Lessons,learn to drive manchester,Phrase match
Campaign #1,Core - Driving Lessons,learn to drive manchester,Exact match
Campaign #1,Core - Driving Lessons,driving lessons greater manchester,Phrase match
Campaign #1,Cheap - Affordable,cheap driving lessons manchester,Phrase match
Campaign #1,Cheap - Affordable,cheap driving lessons manchester,Exact match
Campaign #1,Cheap - Affordable,affordable driving lessons manchester,Phrase match
Campaign #1,Cheap - Affordable,affordable driving lessons manchester,Exact match
Campaign #1,Cheap - Affordable,cheap driving lessons near me,Phrase match
Campaign #1,Cheap - Affordable,driving lessons deals manchester,Phrase match
Campaign #1,Cheap - Affordable,budget driving school manchester,Phrase match
Campaign #1,Cheap - Affordable,discount driving lessons manchester,Phrase match
Campaign #1,Intensive Courses,intensive driving course manchester,Phrase match
Campaign #1,Intensive Courses,intensive driving course manchester,Exact match
Campaign #1,Intensive Courses,intensive driving lessons manchester,Phrase match
Campaign #1,Intensive Courses,intensive driving lessons manchester,Exact match
Campaign #1,Intensive Courses,fast pass driving course manchester,Phrase match
Campaign #1,Intensive Courses,crash course driving manchester,Phrase match
Campaign #1,Intensive Courses,one week driving course manchester,Phrase match
Campaign #1,Intensive Courses,intensive driving course near me,Phrase match
Campaign #1,Automatic Lessons,automatic driving lessons manchester,Phrase match
Campaign #1,Automatic Lessons,automatic driving lessons manchester,Exact match
Campaign #1,Automatic Lessons,automatic driving instructor manchester,Phrase match
Campaign #1,Automatic Lessons,automatic driving instructor manchester,Exact match
Campaign #1,Automatic Lessons,automatic driving school manchester,Phrase match
Campaign #1,Automatic Lessons,auto driving lessons near me,Phrase match
Campaign #1,Automatic Lessons,automatic driving lessons near me,Phrase match
Campaign #1,Manual Lessons,manual driving lessons manchester,Phrase match
Campaign #1,Manual Lessons,manual driving lessons manchester,Exact match
Campaign #1,Manual Lessons,manual driving instructor manchester,Phrase match
Campaign #1,Manual Lessons,manual driving school manchester,Phrase match
Campaign #1,Manual Lessons,manual driving lessons near me,Phrase match
Campaign #1,Pass First Time,pass driving test first time,Phrase match
Campaign #1,Pass First Time,first time pass driving lessons manchester,Phrase match
Campaign #1,Pass First Time,fast pass driving lessons manchester,Phrase match
Campaign #1,Pass First Time,driving test preparation manchester,Phrase match
Campaign #1,Pass First Time,driving test mock manchester,Phrase match
Campaign #1,Female Instructor,female driving instructor manchester,Phrase match
Campaign #1,Female Instructor,female driving instructor manchester,Exact match
Campaign #1,Female Instructor,lady driving instructor manchester,Phrase match
Campaign #1,Female Instructor,lady driving instructor manchester,Exact match
Campaign #1,Female Instructor,female driving lessons near me,Phrase match
Campaign #1,Female Instructor,female driving instructor near me,Phrase match
Campaign #1,Refresher Lessons,refresher driving lessons manchester,Phrase match
Campaign #1,Refresher Lessons,refresher driving lessons manchester,Exact match
Campaign #1,Refresher Lessons,refresher driving course near me,Phrase match
Campaign #1,Refresher Lessons,nervous driver lessons manchester,Phrase match
Campaign #1,Refresher Lessons,driving confidence lessons manchester,Phrase match
Campaign #1,Motorway Lessons,motorway driving lessons manchester,Phrase match
Campaign #1,Motorway Lessons,motorway driving lessons manchester,Exact match
Campaign #1,Motorway Lessons,motorway driving instructor near me,Phrase match
Campaign #1,Motorway Lessons,motorway confidence lessons,Phrase match
Campaign #1,Motorway Lessons,dual carriageway driving lessons manchester,Phrase match
Campaign #1,Areas - Greater Manchester,driving lessons stockport,Phrase match
Campaign #1,Areas - Greater Manchester,driving lessons stockport,Exact match
Campaign #1,Areas - Greater Manchester,driving lessons salford,Phrase match
Campaign #1,Areas - Greater Manchester,driving lessons salford,Exact match
Campaign #1,Areas - Greater Manchester,driving lessons bolton,Phrase match
Campaign #1,Areas - Greater Manchester,driving lessons bolton,Exact match
Campaign #1,Areas - Greater Manchester,driving lessons bury,Phrase match
Campaign #1,Areas - Greater Manchester,driving lessons bury,Exact match
Campaign #1,Areas - Greater Manchester,driving lessons oldham,Phrase match
Campaign #1,Areas - Greater Manchester,driving lessons rochdale,Phrase match
Campaign #1,Areas - Greater Manchester,driving lessons trafford,Phrase match
Campaign #1,Areas - Greater Manchester,driving lessons wigan,Phrase match
Campaign #1,Areas - Greater Manchester,driving lessons tameside,Phrase match
Campaign #1,Areas - Greater Manchester,driving lessons sale,Phrase match
Campaign #1,Areas - Greater Manchester,driving lessons altrincham,Phrase match
Campaign #1,Areas - Greater Manchester,driving lessons didsbury,Phrase match
Campaign #1,Areas - Greater Manchester,driving lessons chorlton,Phrase match
Campaign #1,Areas - Greater Manchester,driving lessons withington,Phrase match
Campaign #1,Areas - Greater Manchester,driving lessons fallowfield,Phrase match
Campaign #1,Areas - Greater Manchester,driving lessons rusholme,Phrase match
Campaign #1,Areas - Greater Manchester,driving lessons levenshulme,Phrase match
Campaign #1,Areas - Greater Manchester,driving lessons cheadle,Phrase match
Campaign #1,Areas - Greater Manchester,driving instructor stockport,Phrase match
Campaign #1,Areas - Greater Manchester,driving instructor salford,Phrase match
Campaign #1,Areas - Greater Manchester,driving instructor bolton,Phrase match
Campaign #1,Areas - Greater Manchester,driving school stockport,Phrase match
