Campaign,Ad group,Ad type,Final URL,Path 1,Path 2,Headline 1,Headline 2,Headline 3,Headline 4,Headline 5,Headline 6,Headline 7,Headline 8,Headline 9,Headline 10,Headline 11,Headline 12,Headline 13,Headline 14,Headline 15,Description 1,Description 2,Description 3,Description 4
Campaign #1,Core - Driving Lessons,Responsive search ad,https://cruisenpass.com/,Manchester,Lessons,Driving Lessons Manchester,DVSA Approved Instructors,Lessons From £35/Hour,Book Your First Lesson,100+ Five-Star Reviews,Pass First Time With Us,30+ Manchester Areas,Flexible 7 Days A Week,Cruise'N'Pass Manchester,Beginner To Test Ready,Pay As You Go Available,Block Deals Save Money,Call 07916 155054 Today,Book Online In Minutes,Friendly Local Instructors,DVSA-approved lessons in Manchester from £35/hr. 100+ five-star reviews. Book today.,"Covering 30+ Greater Manchester areas. Lessons 7 days a week, 7am to 8pm.",Beginner to test-ready packages. Pay as you go or save with block deals.,Call 07916 155054 or book online. Reply within 24h to confirm first lesson.
Campaign #1,Cheap - Affordable,Responsive search ad,https://cruisenpass.com/,Affordable,Lessons,Cheap Lessons Manchester,Affordable Driving Lessons,Lessons From £35/Hour,Save With Block Deals,10 Hrs For Just £320,No Hidden Fees Ever,DVSA Approved Instructors,100+ Five-Star Reviews,Pay As You Go Available,Book Your First Lesson,Flexible 7 Days A Week,30+ Manchester Areas,Cruise'N'Pass Manchester,Call 07916 155054 Today,Book Online In Minutes,"Affordable Manchester lessons from £35/hr. 10 hrs £320. No hidden fees, ever.","DVSA-approved instructors, 100+ five-star reviews. Pay as you go or block deals.","Covering 30+ Greater Manchester areas. Lessons 7 days a week, 7am to 8pm.",Call 07916 155054 or book online. Reply within 24h to confirm first lesson.
Campaign #1,Intensive Courses,Responsive search ad,https://cruisenpass.com/,Intensive,Courses,Intensive Driving Courses,Intensive Courses MCR,Fast Track Pass £990,Pass In Weeks Not Months,30 Hrs Intensive £990,40 Hrs Complete £1320,DVSA Approved Instructors,100+ Five-Star Reviews,Book Your First Lesson,Lessons From £35/Hour,Flexible 7 Days A Week,Cruise'N'Pass Manchester,Call 07916 155054 Today,Book Online In Minutes,Test-Ready In Weeks,"Intensive driving courses in Manchester. 30 hrs £990, 40 hrs £1320. Book today.","DVSA-approved instructors, 100+ five-star reviews. Pass in weeks, not months.","Covering 30+ Greater Manchester areas. Lessons 7 days a week, 7am to 8pm.",Call 07916 155054 or book online. Reply within 24h to confirm first lesson.
Campaign #1,Automatic Lessons,Responsive search ad,https://cruisenpass.com/,Automatic,Lessons,Automatic Driving Lessons,Auto Instructors MCR,Learn In An Automatic,Automatic Lessons £35/Hr,DVSA Approved Instructors,100+ Five-Star Reviews,Book Your First Lesson,Pass First Time With Us,30+ Manchester Areas,Flexible 7 Days A Week,Cruise'N'Pass Manchester,Pay As You Go Available,Block Deals Save Money,Call 07916 155054 Today,Book Online In Minutes,Automatic driving lessons in Manchester from £35/hr. DVSA-approved. Book today.,Learn in an automatic with patient local instructors. 100+ five-star reviews.,"Covering 30+ Greater Manchester areas. Lessons 7 days a week, 7am to 8pm.",Call 07916 155054 or book online. Reply within 24h to confirm first lesson.
Campaign #1,Manual Lessons,Responsive search ad,https://cruisenpass.com/,Manual,Lessons,Manual Driving Lessons,Manual Instructors MCR,Learn In A Manual Car,Manual Lessons £35/Hr,DVSA Approved Instructors,100+ Five-Star Reviews,Book Your First Lesson,Pass First Time With Us,30+ Manchester Areas,Flexible 7 Days A Week,Cruise'N'Pass Manchester,Pay As You Go Available,Block Deals Save Money,Call 07916 155054 Today,Book Online In Minutes,Manual driving lessons in Manchester from £35/hr. DVSA-approved. Book today.,"Master clutch, gears and roundabouts with patient instructors. 100+ reviews.","Covering 30+ Greater Manchester areas. Lessons 7 days a week, 7am to 8pm.",Call 07916 155054 or book online. Reply within 24h to confirm first lesson.
Campaign #1,Pass First Time,Responsive search ad,https://cruisenpass.com/,Pass-First-Time,Manchester,Pass First Time Manchester,First-Time Pass Experts,Test-Ready In Weeks,High First-Time Pass Rate,Mock Tests Included,DVSA Approved Instructors,100+ Five-Star Reviews,Book Your First Lesson,Lessons From £35/Hour,30+ Manchester Areas,Flexible 7 Days A Week,Cruise'N'Pass Manchester,Pay As You Go Available,Call 07916 155054 Today,Book Online In Minutes,"Pass first time in Manchester. Structured training, mock tests, expert coaching.","DVSA-approved instructors, 100+ five-star reviews. Lessons from £35/hr.","Covering 30+ Greater Manchester areas. Lessons 7 days a week, 7am to 8pm.",Call 07916 155054 or book online. Reply within 24h to confirm first lesson.
Campaign #1,Female Instructor,Responsive search ad,https://cruisenpass.com/,Female,Instructor,Female Instructors Available,Lady Driving Instructors,Learn With A Female ADI,Patient Female Instructors,DVSA Approved Instructors,100+ Five-Star Reviews,Lessons From £35/Hour,Book Your First Lesson,30+ Manchester Areas,Flexible 7 Days A Week,Cruise'N'Pass Manchester,Pay As You Go Available,Block Deals Save Money,Call 07916 155054 Today,Book Online In Minutes,"Female driving instructors in Manchester. Patient, DVSA-approved. Book today.",Learn at your pace with friendly instructors. 100+ five-star reviews.,"Covering 30+ Greater Manchester areas. Lessons 7 days a week, 7am to 8pm.",Call 07916 155054 or book online. Reply within 24h to confirm first lesson.
Campaign #1,Refresher Lessons,Responsive search ad,https://cruisenpass.com/,Refresher,Lessons,Refresher Lessons MCR,Nervous Drivers Welcome,Back On Road Confidently,Regain Driving Confidence,Refresher Lessons £35/Hr,DVSA Approved Instructors,100+ Five-Star Reviews,Book Your First Lesson,30+ Manchester Areas,Flexible 7 Days A Week,Cruise'N'Pass Manchester,Pay As You Go Available,No Hidden Fees Ever,Call 07916 155054 Today,Book Online In Minutes,Refresher driving lessons in Manchester from £35/hr. Nervous drivers welcome.,Regain confidence with patient DVSA-approved instructors. 100+ reviews.,"Covering 30+ Greater Manchester areas. Lessons 7 days a week, 7am to 8pm.",Call 07916 155054 or book online. Reply within 24h to confirm first lesson.
Campaign #1,Motorway Lessons,Responsive search ad,https://cruisenpass.com/,Motorway,Lessons,Motorway Lessons MCR,Motorway Confidence Boost,Dual Carriageway Practice,Motorway Lessons £35/Hr,DVSA Approved Instructors,100+ Five-Star Reviews,Book Your First Lesson,Pass First Time With Us,30+ Manchester Areas,Flexible 7 Days A Week,Cruise'N'Pass Manchester,Pay As You Go Available,Block Deals Save Money,Call 07916 155054 Today,Book Online In Minutes,Motorway driving lessons in Manchester from £35/hr. Build real confidence.,Dual carriageway and motorway practice with DVSA-approved instructors.,"Covering 30+ Greater Manchester areas. Lessons 7 days a week, 7am to 8pm.",Call 07916 155054 or book online. Reply within 24h to confirm first lesson.
Campaign #1,Areas - Greater Manchester,Responsive search ad,https://cruisenpass.com/,Areas,Manchester,Lessons In Your Area,Local Instructors Near You,30+ Areas Covered,Stockport Salford Bolton,Bury Oldham Rochdale,DVSA Approved Instructors,100+ Five-Star Reviews,Lessons From £35/Hour,Book Your First Lesson,Flexible 7 Days A Week,Cruise'N'Pass Manchester,Pay As You Go Available,Block Deals Save Money,Call 07916 155054 Today,Book Online In Minutes,"Driving lessons across Greater Manchester: Stockport, Salford, Bolton & more.","Local instructors, DVSA-approved, 100+ five-star reviews. From £35/hr.","30+ areas covered. Flexible lessons 7 days a week, 7am to 8pm.",Call 07916 155054 or book online. Reply within 24h to confirm first lesson.
